{"cameraMode":{"drawMode":0,"name":"Shaded","section":"Shading Mode"},"sceneLighting":true,"audioPlay":false,"sceneViewState":{"m_AlwaysRefresh":false,"showFog":true,"showSkybox":true,"showFlares":true,"showImageEffects":true,"showParticleSystems":true,"showVisualEffectGraphs":true,"m_FxEnabled":true},"in2DMode":false,"pivot":{"x":0.2897511422634125,"y":-3.814730405807495,"z":-8.669975280761719},"rotation":{"x":0.0033330891747027637,"y":0.9901501536369324,"z":-0.13812977075576783,"w":0.023762192577123643},"size":12.12435531616211,"orthographic":false}